oranje;NEOSOL 100% pdr oplosb. po 1 kg;Zak;1000;g;Dopharma Research BV;1000;0000035;000000-80
oranje;ERYTHROCINE 200 opl. inj. 50 ml;;50;ml;Ceva Sante Animale NV;50;;000000-81
oranje;PENSTREP-JECT opl. inj. 100 ml;;100;ml;Dopharma Research B.V.;100;;000000-82
oranje;SPIROVET opl. inj. 250 ml;;250;ml;Ceva Sante Animale NV;250;;000000-83
oranje;NAFPENZAL DC opl. intramam. 20 app;Injector voor intramammair gebruik;20;tube;Intervet International  BV;20;;023572-02
geel;DEPOSIL opl. inj. 250 ml;Injectieflacon;250;ml;Dechra Veterinary Products  NV;250;2328359;023791-02
oranje;COLIVET pdr sol. po 1 kg FR;Sac;1000;g;CEVA SANTE ANIMALE;1000;;03411110004982
oranje;COLIVET pdr sol. po 20 kg FR;Sac;20000;g;CEVA SANTE ANIMALE;20000;;03411110005095
oranje;COLIVET SOLUTION sol. po 1 l FR;Flacon;1000;ml;CEVA SANTE ANIMALE;1000;;03411110042632
oranje;COLIVET SOLUTION sol. po 5 l FR;Flacon;5000;ml;CEVA SANTE ANIMALE;5000;;03411110087862
rood;FLUMISOL 36% sol. po 1 l FR;Flacon;1000;ml;CEVA SANTE ANIMALE;1000;;03411110094686
oranje;ERYTHROVET pdr sol. 1 kg FR;Sac;1000;g;CEVA SANTE ANIMALE;1000;;03411110101308
oranje;ERYTHROVET pdr sol. 5 kg FR;Sac;5000;g;CEVA SANTE ANIMALE;5000;;03411110101315
oranje;COLIVET pdr sol. po 5 kg FR;Sac;5000;g;CEVA SANTE ANIMALE;5000;;03411110101353
oranje;COLIVET SOLUTION sol. po 2 l FR;Flacon;2000;ml;CEVA SANTE ANIMALE;2000;;03411110101476
rood;FLUMISOL 36% sol. po 250 ml FR;Flacon;250;ml;CEVA SANTE ANIMALE;250;;03411110107751
geel;TIAMVET sol. po 1 l FR;Flacon;1000;ml;CEVA SANTE ANIMALE;1000;;03411111806448
geel;TIAMVET sol. po 5 l FR;Flacon;5000;ml;CEVA SANTE ANIMALE;5000;;03411111806455
oranje;COLIPRO 2 MUI/ML sol. po 5 l FR;Flacon;5000;ml;CEVA SANTE ANIMALE;5000;;03411112256884
oranje;COLIPRO 2 MUI/ML sol. po 1 l FR;Flacon;1000;ml;CEVA SANTE ANIMALE;1000;;03411112931026
geel;ADJUSOL TMP SULFA LIQUIDE sol. po 100 ml FR;Flacon;100;ml;VIRBAC SA;100;;03597132201056
geel;ADJUSOL TMP SULFA LIQUIDE sol. po 250 ml FR;Flacon;250;ml;VIRBAC SA;250;;03597132201063
oranje;AXILLIN pdr sol. po 25 kg FR;Sac;25000;g;VIRBAC SA;25000;;03597132201179
oranje;TETRATIME pdr sol. po 50 g FR;Pot;50;g;Virbac SA;50;;03597132220224
geel;ADJUSOL TMP SULFA LIQUIDE sol. po 2 l FR;Bidon;2000;ml;VIRBAC SA;2000;;03597132301077
geel;ADJUSOL TMP SULFA LIQUIDE sol. po 5 l FR;Bidon;5000;ml;VIRBAC SA;5000;;03597132301084
oranje;AXILLIN pdr sol. po 1 kg FR;Seau;1000;g;VIRBAC SA;1000;;03597132301336
oranje;AXILLIN pdr sol. po 5 kg FR;Sac;5000;g;VIRBAC SA;5000;;03597132301343
oranje;COLISTINE SULFATE 2 000 000 UI/ML sol. po 100 ml FR;Flacon;100;ml;Virbac SA;100;;03597132303125
oranje;COLISTINE SULFATE 2 000 000 UI/ML sol. po 500 ml FR;Flacon;500;ml;Virbac SA;500;;03597132303132
oranje;COLISTINE SULFATE 2 000 000 UI/ML sol. po 1 l FR;Flacon;1000;ml;Virbac SA;1000;;03597132303224
oranje;COLISTINE SULFATE 2 000 000 UI/ML sol. po 2 l FR;Flacon;2000;ml;Virbac SA;2000;;03597132303231
oranje;COLISTINE SULFATE 2 000 000 UI/ML sol. po 5 l FR;Flacon;5000;ml;Virbac SA;5000;;03597132303248
oranje;TETRATIME pdr sol. po 1 kg FR;Pot;1000;g;Virbac SA;1000;;03597132320283
oranje;TETRATIME pdr sol. po 5 kg FR;Sac;5000;g;Virbac SA;5000;;03597132320290
geel;DENAGARD SOLUTION BUVABLE sol. po 10 l + DOSEUR 1 l FR;Flacon;10000;ml;ELANCO;10000;;03660132159433
geel;DENAGARD SOLUTION BUVABLE sol. po 1 l FR;Flacon;1000;ml;ELANCO;1000;;03660132761568
geel;DENAGARD SOLUTION BUVABLE sol. po 5 l FR;Flacon;5000;ml;ELANCO;5000;;03660132761575
oranje;AMPISOL pdr sol. po 5 kg FR;Sac;5000;g;DOPHARMA FRANCE;5000;;03660144008675
oranje;AMPISOL pdr sol. po 1 kg FR;Boîte;1000;g;DOPHARMA FRANCE;1000;;03660144008705
oranje;NEOMYCINE 50 COOPHAVET pdr sol. po 1 kg FR;Boîte;1000;g;DOPHARMA FRANCE;1000;;03660144010555
geel;SUNIX LIQUIDE sol. po 5 l FR;Flacon;5000;ml;DOPHARMA FRANCE;5000;;03660144011460
geel;SUNIX LIQUIDE sol. po 1 l FR;Flacon;1000;ml;DOPHARMA FRANCE;1000;;03660144011484
geel;TRISULMIX LIQUIDE sol. po 5 l FR;Flacon;5000;ml;DOPHARMA FRANCE;5000;;03660144011606
geel;TRISULMIX LIQUIDE sol. po 10 l FR;Flacon;10000;ml;DOPHARMA FRANCE;10000;;03660144011613
geel;TRISULMIX LIQUIDE sol. po 1 l FR;Flacon;1000;ml;DOPHARMA FRANCE;1000;;03660144011620
geel;TRISULMIX LIQUIDE sol. po 100 ml FR;Flacon;100;ml;DOPHARMA FRANCE;100;;03660144066033
oranje;RONAXAN 500 mg/g pdr sol. po 500 g FR;Sachet;500;g;DOPHARMA FRANCE;500;;03661103048794
oranje;RONAXAN 500 mg/g pdr sol. po 1 kg FR;Sachet;1000;g;DOPHARMA FRANCE;1000;;03661103048800
oranje;NEOMYCINE 50 COOPHAVET pdr sol. po 5 kg FR;Sac;5000;g;DOPHARMA FRANCE;5000;;03661103054627
oranje;MILICOLI sol. po 500 ml FR;Bidon;500;ml;HUVEPHARMA SA;500;;03661753004218
oranje;MILICOLI sol. po 2 l FR;Bidon;2000;ml;HUVEPHARMA SA;2000;;03661753004225
oranje;MILICOLI sol. po 1 l FR;Bidon;1000;ml;HUVEPHARMA SA;1000;;03661753004232
geel;DIAZIPRIM sol. po 2 l FR;Flacon;2000;ml;HUVEPHARMA SA;2000;;03661753016877
geel;DIAZIPRIM sol. po 5 l FR;Flacon;5000;ml;HUVEPHARMA SA;5000;;03661753016884
oranje;MILICOLI sol. po 5 l FR;Bidon;5000;ml;HUVEPHARMA SA;5000;;03661753021826
geel;DIAZIPRIM sol. po 10 l FR;Flacon;10000;ml;HUVEPHARMA SA;10000;;03661753028993
oranje;TYLORAL pdr sol. po 100 MUI pot FR;Pot;100;MUI;HUVEPHARMA SA;100;;03661753033119
oranje;MILICOLI sol. po 100 ml FR;Bidon;100;ml;HUVEPHARMA SA;100;;03661753061976
oranje;PRIMOX pdr sol. po 1 kg FR;Pot;1000;g;HUVEPHARMA SA;1000;;03661753107872
oranje;PRIMOX pdr sol. po 10 kg FR;Sac;10000;g;HUVEPHARMA SA;10000;;03661753107889
oranje;PRIMOX pdr sol. po 5 kg FR;Sac;5000;g;HUVEPHARMA SA;5000;;03661753107896
oranje;TYLORAL pdr sol. po 1 000 000 000 UI FR;Pot;1 000 000 000;UI;HUVEPHARMA SA;1000000000;;03661753159666
geel;AMIDURENE sol. po 50 ml FR;Flacon;50;ml;LABORATOIRES BIOVE;50;;03760161601054
geel;AMIDURENE sol. po 250 ml FR;Flacon;250;ml;LABORATOIRES BIOVE;250;;03760161601061
geel;AMIDURENE sol. po 1 l FR;Flacon;1000;ml;LABORATOIRES BIOVE;1000;;03760161601078
geel;AMIDURENE sol. po 5 l FR;Flacon;5000;ml;LABORATOIRES BIOVE;5000;;03760161601085
oranje;ACTI COLI B pdr sol. po 10x 100 g FR;Boîte avec sachets;10x 100;g;LABORATOIRES BIOVE;1000;;03760161602051
oranje;ACTI COLI B pdr sol. po 1 kg FR;Boîte;1000;g;LABORATOIRES BIOVE;1000;;03760161602068
oranje;ACTI COLI B pdr sol. po 5 kg FR;Sac;5000;g;LABORATOIRES BIOVE;5000;;03760161602075
oranje;ACTI COLI B pdr sol. po 10 kg FR;Sac;10000;g;LABORATOIRES BIOVE;10000;;03760161602082
oranje;TETRAVETO pdr sol. po 1 kg FR;Pot;1000;g;LABORATOIRES BIOVE;1000;;03760161602914
oranje;TETRAVETO pdr sol. po 5 kg FR;Sac;5000;g;LABORATOIRES BIOVE;5000;;03760161602921
oranje;TETRAVETO pdr sol. po 10 kg FR;Sac;10000;g;LABORATOIRES BIOVE;10000;;03760161602938
geel;BAYCUBIS 293 mg/g pdr sol. po bidon 1 kg FR;Bidon;1000;g;BAYER HEALTHCARE;1000;;04007221036029
rood;ENROTRON 100 mg/ml sol. po 1 l FR;Flacon;1000;ml;ANIMEDICA;1000;;04050478870106
rood;ENROTRON 100 mg/ml sol. po 100 ml FR;Flacon;100;ml;ANIMEDICA;100;;04050478870113
oranje;APRALAN pdr sol. po 100 g FR;Boîte de sachets;100;g;ELANCO;100;;05014602815080
oranje;APRALAN pdr sol. po 50 g FR;Flacon;50;g;ELANCO;50;;05014602815097
oranje;AIVLOSIN POULETS/DINDONS 625 mg/g gran. sol. po 400 g FR;Sachet;400;g;Eco Animal Health Ltd;400;;05060162990545
oranje;AIVLOSIN POULETS/DINDONS 625 mg/g gran. sol. po 40 g FR;Sachet;40;g;Eco Animal Health Ltd;40;;05060162990576
oranje;LINCO-SPECTIN 100 pdr sol. po 150 g FR;Bouteille;150;g;ZOETIS FRANCE;150;;05414736012346
oranje;LINCO-SPECTIN 100 pdr sol. po 1,5 kg FR;Bouteille;1500;g;ZOETIS FRANCE;1500;;05414736012353
oranje;LINCOCINE 400 mg/g pdr sol. po 150 g FR;Pot;150;g;ZOETIS FRANCE;150;;05414736012391
oranje;LINCOCINE 400 mg/g pdr sol. po 1,5 kg FR;Pot;1500;g;ZOETIS FRANCE;1500;;05414736012407
oranje;TILMOVET 250 mg/ml sol. po 960 ml FR;Flacon;960;ml;HUVEPHARMA;960;;05414916210203
oranje;TILMOVET 250 mg/ml sol. po 240 ml FR;Flacon;240;ml;HUVEPHARMA;240;;05414916210210
oranje;HYDRODOXX 500 mg/g pdr sol. po 1 kg FR;Sac;1000;g;HUVEPHARMA;1000;;05414916405012
oranje;TERRAMYCINE + POLYMYXINE B 5/10000 zalf ocul. 3,5 g;Tube;3,5;tube;Pfizer SA;1;;056454-01
oranje;TERRA-CORTRIL + POLYMYXINE B 10/5/10000 zalf auric./ocul. 3,5 g;Tube;3,5;tube;Pfizer SA;1;;056831-01
oranje;LINCOCIN 100 mg/ml opl. inj. 100 ml;Injectieflacon;100;ml;Zoetis Belgium  SA;100;0884056;061381-03
oranje;LINCOCIN 100 mg/ml opl. inj. 250 ml;Injectieflacon;250;ml;Zoetis Belgium  SA;250;1283217;061381-04
oranje;LINCO-SPECTIN 100 pdr oplosb. po 1,5 kg;Verpakking;1500;g;Zoetis Belgium  SA;1500;1120872;061957-02
geel;BORGAL 24% opl. inj. 100 ml;Injectieflacon;100;ml;Virbac  SA;100;0026963;067742-01
geel;BORGAL 24% opl. inj. 250 ml;;250;ml;Virbac  SA;250;;067742-02
oranje;AMDOCYL PORCS/POULETS 697 mg/g pdr sol. po 1 kg FR;Pot;1000;g;Dopharma Research BV;1000;;07046265561842
geel;ORBENIN LA opl. intramam. 12x 3 g;Doos;  12x 3 g;tube;Zoetis Belgium  SA;12;;080437-02
rood;SPECTRON POULETS/DINDES 100 mg/ml sol. po 1 l FR;Flacon;1000;ml;LABORATORIOS HIPRA;1000;;08427711129790
rood;SPECTRON POULETS/DINDES 100 mg/ml sol. po 5 l FR;Bidon;5000;ml;LABORATORIOS HIPRA;5000;;08427711129806
rood;SPECTRON POULETS/DINDES 100 mg/ml sol. po 100 ml FR;Flacon;100;ml;LABORATORIOS HIPRA;100;;08427711131335
oranje;NEOMAY pdr sol. po 100 g FR;Sac;100;g;LABORATORIOS MAYMO;100;;08435298603015
oranje;NEOMAY pdr sol. po 1 kg FR;Sac;1000;g;LABORATORIOS MAYMO;1000;;08435298603022
;RHEMOX 435,6 mg/g pdr sol. po 1 kg FR;Sachet;1000;g;Industrial Veterinaria SA;1000;;08436027619666
rood;LANFLOX 100 mg/ml sol. po 250 ml FR;Flacon;250;ml;VETPHARMA ANIMAL HEALTH;250;;08437009924020
rood;LANFLOX 100 mg/ml sol. po 1 l FR;Flacon;1000;ml;VETPHARMA ANIMAL HEALTH;1000;;08437009924037
rood;LANFLOX 100 mg/ml sol. po 5 l FR;Flacon;5000;ml;VETPHARMA ANIMAL HEALTH;5000;;08437009924044
geel;METHOXASOL 20/100 mg/ml sol. po 5 l FR;Flacon;5000;ml;EUROVET ANIMAL HEALTH;5000;;08714225155514
oranje;SOLUDOX PORCS/POULETS 433 mg/g pdr sol. po 1 kg FR;Sachet;1000;g;EUROVET ANIMAL HEALTH;1000;;08714225155569
oranje;OCTACILLIN POULETS 697 mg/mg pdr sol. po 1 kg FR;Sachet;1000;g;EUROVET ANIMAL HEALTH;1000;;08714225155576
oranje;OCTACILLIN POULETS 697 mg/mg pdr sol. po 500 g FR;Sachet;500;g;EUROVET ANIMAL HEALTH;500;;08714225155613
geel;PHENOXYPEN WSP pdr sol. po 1 kg boîte de pot FR;Boîte;1000;g;DOPHARMA RESEARCH;1000;;08714377091029
geel;BAYCUBIS 293 mg/g pdr sol. po flacon 1 kg FR;Flacon;1000;g;BAYER HEALTHCARE;1000;;08714377291160
geel;PHENOXYPEN WSP pdr sol. po 1 kg boîte de pot FR;Pot;1000;g;DOPHARMA RESEARCH;1000;;08714377291214
oranje;TYLOGRAN 100% pdr sol. po 100 g FR;Flacon;100;g;DOPHARMA RESEARCH;100;;08714377291481
oranje;TYLOGRAN 100% pdr sol. po 1 kg FR;Pot;1000;g;DOPHARMA RESEARCH;1000;;08714377291498
oranje;TERRAMYCINE 100 opl. inj. 250 ml;Injectieflacon;250;ml;Zoetis Belgium  SA;250;1300334;091305-02
geel;PENI-KEL 300,000 IE/ml opl. inj. 100 ml;Injectieflacon;100;ml;Kela (Laboratoria) / Kempisch Laboratorium NV;100;0668236;094796-03
geel;PENI-KEL 300,000 IE/ml opl. inj. 250 ml;Injectieflacon;250;ml;Kela (Laboratoria) / Kempisch Laboratorium NV;250;1370881;094796-04
oranje;AMPICLOX QR 75/200 mg opl. intramam. 24x 3 g;Injector voor intramammair gebruik;  24x 3 g;tube;Zoetis Belgium  SA;24;;095645-03
oranje;LINCO-SPECTIN 44 pdr po 1 kg;Verpakking;1000;g;Zoetis Belgium  SA;1000;0884015;097562-01
oranje;LINCO-SPECTIN opl. inj. 250 ml;Injectieflacon;250;ml;Zoetis Belgium  SA;250;1283209;098786-04
oranje;AMPI-DRY 3 g pdr oplosb. inj. 1 prst;Injectieflacon; 1x 3 g;presentatie;Prodivet Pharmaceuticals SA;1;;104097-01
oranje;AMPI-DRY 5 g pdr oplosb. inj. 1 prst;Injectieflacon;  1x 5 g;presentatie;Prodivet Pharmaceuticals SA;1;;104097-02
oranje;PENI-STREP-KEL opl. inj. 12x 100 ml;Injectieflacon;12x 100;ml;Kela (Laboratoria) / Kempisch Laboratorium NV;1200;;105183-03
oranje;SPECTAM SCOUR-HALT opl. po 100 ml;Fles;100;ml;Ceva Sante Animale  NV;100;0830679;105217-01
oranje;NEOPEN opl. inj. 100 ml;Injectieflacon;100;ml;Intervet International  BV;100;0060038;109076-01
oranje;MASTI-KEL zalf intramam. 20x 10 g;Doos / injectieflacon;   20x 10 g;tube;Kela (Laboratoria) / Kempisch Laboratorium NV;20;;110573-01
oranje;"COLIVET ""S"" opl. inj. 100 ml";Injectieflacon;100;ml;Prodivet Pharmaceuticals SA;100;1206853;111483-01
oranje;"COLIVET ""S"" FORTE opl. inj. 100 ml";Injectieflacon;100;ml;Prodivet Pharmaceuticals SA;100;1202852;111492-03
geel;TIAMUTIN 45% PIGS-CHICKEN-TURKEY gran. oplosb. po 1 kg;Verpakking;1000;g;VMD NV;1000;2680908;111657-05
geel;TIAMUTIN 10% PULVIS pdr po 1 kg;Verpakking;1000;g;VMD NV;1000;1461433;112043-02
geel;DUPHAPEN opl. inj. 100 ml;Injectieflacon;100;ml;Zoetis Belgium  SA;100;0833574;112691-02
geel;DUPHAPEN opl. inj. 250 ml;Injectieflacon;250;ml;Zoetis Belgium  SA;250;1013093;112691-03
oranje;GYNAECOLOGISCHE OBLETTEN 1 g tabl. iu 100 stk;Strip;100;tablet;VMD NV;100;;113425-02
oranje;TYLAN 200 opl. inj. 100 ml;Injectieflacon;100;ml;Eli Lilly Benelux  SA;100;2652436;114161-02
oranje;TYLAN 200 opl. inj. 250 ml;Injectieflacon;250;ml;Eli Lilly Benelux  SA;250;2652444;114161-03
oranje;TYLAN pdr oplosb. po 1 kg;Pot;1000;g;Eli Lilly Benelux  SA;1000;1163641;115814-01
geel;KLOXERATE DC opl. intramam. (6x4)x 4,5 g;Injector voor intramammair gebruik;  (6x4)x 4,5 g;tube;Zoetis Belgium  SA;24;;117126-01
geel;KLOXERATE DC opl. intramam. 120x 4,5 g;Injector voor intramammair gebruik;   120x 4,5 g;tube;Zoetis Belgium  SA;120;;117126-02
oranje;TYLO-KEL 20% opl. inj. 100 ml;Injectieflacon;100;ml;Kela (Laboratoria) / Kempisch Laboratorium NV;100;0831909;120635-07
oranje;ALBIPEN LA opl. inj. 200 ml;Injectieflacon;200;ml;Intervet International  BV;200;1620715;121186-02
rood;FLUMIQUIL 50% pdr oplosb. po 1 kg;Verpakking;1000;g;Ceva Sante Animale  NV;1000;1300573;121317-01
geel;COSUMIX PLUS pdr oplosb. po 500 g;Doos/vat;500;g;VMD NV;500;1489301;127154-02
geel;COSUMIX PLUS pdr oplosb. po 2 kg;Doos/vat;2000;g;VMD NV;2000;1461474;127154-04
oranje;CYCLOSOL 200 LA opl. inj. 250 ml;Injectieflacon;250;ml;Dechra Veterinary Products  NV;250;0814681;127407-03
oranje;METRICYCLIN tabl. intraut. 100 stk;Blisterverpakking;100;tablet;Kela (Laboratoria) / Kempisch Laboratorium NV;100;;131144-03
oranje;GABBROVET opl. inj. 100 ml;Injectieflacon;100;ml;Ceva Sante Animale  NV;100;1067768;131607-03
oranje;GABBROVET 70 pdr oplosb. po 1 kg;Pot;1000;g;Ceva Sante Animale  NV;1000;1035724;131625-01
oranje;CHLORTETRA SPRAY 200 ml;Spuitbus;200;ml;Eurovet Animal Health BV;200;1074194;132605-01
oranje;DUPHACYCLINE LA opl. inj. 12x 250 ml;Injectieflacon;12x 250;ml;Zoetis Belgium  SA;3000;0095695;132824-02
geel;CEPRAVIN DRY COW opl. intramam. 20x 3 g;Injector voor intramammair gebruik;  20x 3 g;tube;Intervet International  BV;20;;133323-02
oranje;SYNULOX BOLUS 500 mg tabl. coat. po 20 stk;Doos;20;tablet;Zoetis Belgium  SA;20;;133576-01
oranje;COLISTINE SULFAAT 1,000,000 IU/ml opl. inj. 40 ml;Injectieflacon;40;ml;VMD NV;40;1203520;134391-01
oranje;COLISTINE SULFAAT 1,000,000 IU/ml opl. inj. 100 ml;Injectieflacon;100;ml;VMD NV;100;;134391-02
oranje;PATHOZONE opl. intramam. 10x 10 ml;Voorgevulde spuit;  10x 10 ml;tube;Zoetis Belgium  SA;10;;134556-01
oranje;RETARDOXI 20% LA opl. inj. 250 ml;Injectieflacon;250;ml;VMD NV;250;1422716;136866-03
oranje;BAXYL LA opl. inj. 250 ml;Injectieflacon;250;ml;Prodivet Pharmaceuticals SA;250;1202829;137146-02
oranje;PROMYCINE BOLUS 3,000,000 IE/bolus tabl. po 40 stk;Doos;40;tablet;VMD NV;40;;137846-01
geel;DUPHATROXIM opl. inj. 12x 250 ml;Injectieflacon;12x 250;ml;Zoetis Belgium  SA;3000;0676643;139011-02
oranje;ENGEMYCINE 10% LA opl. inj. 100 ml;Injectieflacon;100;ml;Intervet International  BV;100;0834564;139063-01
oranje;ENGEMYCINE 10% LA opl. inj. 250 ml;Injectieflacon;250;ml;Intervet International  BV;250;1180595;139063-02
oranje;TYLAN 100 gran. po 1 kg;Zak;1000;g;Eli Lilly Benelux  SA;1000;1620731;140131-01
rood;BAYTRIL 10% opl. po 100 ml;Injectieflacon;100;ml;Bayer Animal Health GmbH;100;0616300;140314-01
rood;BAYTRIL 10% opl. po 1 l;Injectieflacon;1000;ml;Bayer Animal Health GmbH;1000;0663054;140314-02
geel;LIDOPRIM S opl. inj. 250 ml;Injectieflacon;250;ml;Prodivet Pharmaceuticals SA;250;1202969;140621-02
rood;BAYTRIL 50 mg/ml opl. inj. 100 ml;Injectieflacon;100;ml;Bayer Animal Health GmbH;100;0661132;141827-01
oranje;SPECTOLIPHEN 100 pdr oplosb. po 150 g;Verpakking;150;g;Kela (Laboratoria) / Kempisch Laboratorium NV;150;1370915;142721-01
oranje;SPECTOLIPHEN 100 pdr oplosb. po 1,5 kg;Injectieflacon;1500;g;Kela (Laboratoria) / Kempisch Laboratorium NV;1500;1370923;142721-02
geel;CEPOREX opl. inj. 100 ml;Injectieflacon;100;ml;Intervet International  BV;100;0317339;142965-03
oranje;TOBRADEX 3/1 zalf ocul. 3,5 g;Tube;3,5;tube;Novartis Pharma NV;1;;144724-01
oranje;GENTA-KEL 5% opl. inj. 100 ml;Injectieflacon;100;ml;Kela (Laboratoria) / Kempisch Laboratorium NV;100;0685370;145537-03
rood;EXCENEL 1 g pdr oplosb. inj. 1 prst;Verpakking;1x 1 g;g;Zoetis Belgium  SA;Err :502;0445098;150613-01
rood;EXCENEL 4 g pdr oplosb. inj. 1 prst;Verpakking;1x 4 g;g;Zoetis Belgium  SA;Err :502;0481697;150613-02
geel;ORBENIN E.D.C. 600 mg opl. intramam. 24x 3,6 g;Verpakking;  24x 3,6 g;tube;Zoetis Belgium  SA;24;;150841-01
geel;ORBENIN E.D.C. 600 mg opl. intramam. 60x 3,6 g;Verpakking;  60x 3,6 g;tube;Zoetis Belgium  SA;60;;150841-02
oranje;DUPHAMOX LA opl. inj. 100 ml;Injectieflacon;100;ml;Zoetis Belgium  SA;100;0470021;151182-01
oranje;DUPHAMOX LA opl. inj. 250 ml;Injectieflacon;250;ml;Zoetis Belgium  SA;250;0470039;151182-02
geel;DRYCLOXA-KEL zalf intramam. 20x 9 g;Voorgevulde spuit;  20x 9 g;tube;Kela (Laboratoria) / Kempisch Laboratorium NV;20;;151191-02
oranje;LINCOCIN 40% pdr oplosb. po 150 g;Verpakking;150;g;Zoetis Belgium  SA;150;0487751;151331-01
oranje;LINCOCIN 40% pdr oplosb. po 1,5 kg;Verpakking;1500;g;Zoetis Belgium  SA;1500;1120898;151331-02
rood;BAYTRIL 25 mg/ml opl. inj. 50 ml;Injectieflacon;50;ml;Bayer Animal Health GmbH;50;0369124;154393-01
oranje;OXY-KEL 20% LA opl. inj. 250 ml;Injectieflacon;250;ml;Kela (Laboratoria) / Kempisch Laboratorium NV;250;;156213-04
oranje;MICOTIL opl. inj. 50 ml;Fles;50;ml;Eli Lilly Benelux  SA;50;;156265-01
rood;BAYTRIL 0,5% opl. po 100 ml;Fles;100;ml;Bayer Animal Health GmbH;100;1163591;158907-01
oranje;TYLOVETO-20 opl. inj. 100 ml;Injectieflacon;100;ml;VMD NV;100;1437896;162102-01
oranje;TYLOVETO-20 opl. inj. 12x 100 ml;Injectieflacon;12x 100;ml;VMD NV;1200;;162102-02
oranje;KLOXERATE DC PLUS opl. intramam. 24x 4,5 g;Doos / injectieflacon;  120x 4,5 g;tube;Zoetis Belgium  SA;24;;162872-01
oranje;KLOXERATE DC PLUS opl. intramam. 120x 4,5 g;Emmer; 24x 4,5 g;tube;Zoetis Belgium  SA;120;;162872-02
oranje;TENASAN LA opl. inj. 250 ml;Injectieflacon;250;ml;Ceva Sante Animale  NV;250;1183375;163125-02
geel;RILEXINE 200 LACTATING COW opl. intramam. 12x 10 ml;Doos / injectieflacon;  12x 10 ml;tube;Virbac  SA;12;;163344-03
geel;RILEXINE 200 LACTATING COW opl. intramam. 24x 10 ml;Doos / injectieflacon;  24x 10 ml;tube;Virbac  SA;24;;163344-05
oranje;GENTAVETO-5 opl. inj. 100 ml;Injectieflacon;100;ml;VMD NV;100;1418490;163466-03
geel;RILEXINE 500 DC opl. intramam. 12x 8 g;Injector voor intramammair gebruik;  12x 8 g;tube;Virbac  SA;12;;166162-02
geel;RILEXINE 500 DC opl. intramam. 60x 8 g;Injector voor intramammair gebruik;  60x 8 g;tube;Virbac  SA;60;;166162-05
geel;TRIMAZIN 30% pdr oplosb. po 1 kg;Zak;1000;g;Kela (Laboratoria) / Kempisch Laboratorium NV;1000;1273176;166957-04
oranje;OXYTEM SPRAY 200 ml;Spuitbus;200;ml;Emdoka  BVBA;200;1541135;168533-01
oranje;EMDACTILIN 150 opl. inj. 100 ml;Injectieflacon;100;ml;Emdoka  BVBA;100;1630300;169102-04
oranje;EMDACTILIN 150 opl. inj. 250 ml;Injectieflacon;250;ml;Emdoka  BVBA;250;1630318;169102-07
oranje;ORIGIN pdr oplosb. po 1 kg;Pot;1000;g;Intervet International  BV;1000;1731157;169136-02
oranje;EMDOCOLIN TABS tabl. po 4x 5 stk;Blisterverpakking;4x 5;tablet;Emdoka  BVBA;20;;170055-01
oranje;EMDOCOLIN TABS tabl. po 20x 5 stk;Blisterverpakking;20x 5;tablet;Emdoka  BVBA;100;;170055-02
geel;NUFLOR 300 mg/ml opl. inj. 100 ml;Injectieflacon;100;ml;Intervet International  BV;100;;170825-03
geel;NUFLOR 300 mg/ml opl. inj. 250 ml;Injectieflacon;250;ml;Intervet International  BV;250;;170825-04
oranje;PROMYCINE PULVIS 1,000 IE/mg pdr oplosb. po 1 kg;Pot;1000;g;VMD NV;1000;1258656;171491-01
oranje;LONGAMOX opl. inj. 250 ml;Injectieflacon;250;ml;Vetoquinol NV;250;1277136;173205-03
oranje;DUPHACYCLINE 100 opl. inj. 250 ml;Injectieflacon;250;ml;Zoetis Belgium  SA;250;1487305;173266-02
oranje;VETRIMOXIN LA opl. inj. 250 ml;Injectieflacon;250;ml;Ceva Sante Animale  NV;250;2455426;174867-02
oranje;AMOXY-KEL 15 opl. inj. 250 ml;Injectieflacon;250;ml;Kela (Laboratoria) / Kempisch Laboratorium NV;250;1272616;176276-03
oranje;MOXAPULVIS 50% pdr oplosb. po 1 kg;Zak;1000;g;VMD NV;1000;2205060;176425-05
oranje;DOXYVETO 50% PULVIS pdr oplosb. po 1 kg;Pot / zak;1000;g;VMD NV;1000;;176461-04
oranje;MOXAJECT 15% opl. inj. 100 ml;Injectieflacon;100;ml;VMD NV;100;1400001;179907-01
geel;METRICURE opl. intraut. 10x 19 g;Injectieflacon;  10x 19 g;tube;Intervet International  BV;10;;180722-01
oranje;SYNULOX RTU opl. inj. 12x 50 ml;; 12x 50;ml;Zoetis Belgium  SA;600;1322031;181614-07
geel;CEFOVET DC  opl. intramam. 60x 3 g;Voorgevulde spuit;  60x 3 g;tube;Merial Belgium  NV;60;;182953-01
geel;CEFOVET LC opl. intramam. 12x 6 g;Voorgevulde spuit;  12x 6 g;tube;Merial Belgium  NV;12;;182962-01
geel;CEFOVET LC opl. Intramam. 10x 6 g;;  10 x 6g;ml;Dopharma Research BV;10;;182962-03
geel;MAMMYZINE 5 g pdr oplosb. inj. 5 g + oplosm. 15 ml 10 prst;Fles; 10x (5 g + 15 ml);presentatie;Boehringer Ingelheim International  GmbH;10;;184195-01
rood;ADVOCIN 2,5% opl. inj. 100 ml;Injectieflacon;100;ml;Zoetis Belgium  SA;100;1374552;188702-02
rood;EXCENEL FLOW 50 mg/ml opl. inj. 100 ml;Injectieflacon;100;ml;Zoetis Belgium  SA;100;3091584;188754-03
rood;EXCENEL FLOW 50 mg/ml opl. inj. 250 ml;Injectieflacon;250;ml;Zoetis Belgium  SA;250;3091576;188754-05
oranje;SOLUDOX 15% pdr oplosb. po 100 g;Zak;100;g;Dechra Veterinary Products  NV;100;1572858;191527-01
oranje;SOLUDOX 15% pdr oplosb. po 10x 100 g;Doos;10x 100;g;Dechra Veterinary Products  NV;1000;1534700;191527-02
oranje;LINCOMYCINE-VMD opl. inj. 100 ml;Injectieflacon;100;ml;VMD NV;100;1418250;192166-03
oranje;LINCOMYCINE-VMD opl. inj. 250 ml;Injectieflacon;250;ml;VMD NV;250;1570472;192166-04
oranje;LINCOMYCINE 40%-VMD PULVIS pdr oplosb. po 150 g;Container;150;g;VMD NV;150;1444983;192175-01
oranje;LINCOMYCINE 40%-VMD PULVIS pdr oplosb. po 1,5 kg;Container;1500;g;VMD NV;1500;1430362;192175-02
oranje;OXYTETRACYCLINE 80% pdr oplosb. po 1 kg;Blister;1000;g;Kela (Laboratoria) / Kempisch Laboratorium NV;1000;1424118;192211-05
oranje;PROMYCINE PULVIS 4,800 IE/mg pdr oplosb. po 1 kg;Zak;1000;g;VMD NV;1000;1499367;192272-04
oranje;L-SPEC opl. inj. 100 ml;Injectieflacon;100;ml;VMD NV;100;1418268;193076-03
oranje;L-SPEC opl. inj. 250 ml;Injectieflacon;250;ml;VMD NV;250;1570480;193076-04
oranje;L-SPEC PULVIS pdr oplosb. po 150 g;Verpakking;150;g;VMD NV;150;1444991;193164-01
oranje;L-SPEC PULVIS pdr oplosb. po 1,5 kg;Verpakking;1500;g;VMD NV;1500;0884072;193164-02
rood;COBACTAN 2,5% opl. inj. 100 ml;Injectieflacon;100;ml;Intervet International  BV;100;1270123;198484-02
oranje;DOXYCYCLINE 75% pdr oplosb. po 1 kg;Zak;1000;g;Kela (Laboratoria) / Kempisch Laboratorium NV;1000;1437284;198493-05
rood;MARBOCYL 10% opl. inj. 50 ml;Injectieflacon;50;ml;Vetoquinol NV;50;1447408;198511-02
rood;MARBOCYL 10% opl. inj. 100 ml;Injectieflacon;100;ml;Vetoquinol NV;100;1447416;198511-03
oranje;COBACTAN LC zalf intramam. 15x 8 g;Injector voor intramammair gebruik;  15x 8 g;tube;Intervet International  BV;15;;198527-02
oranje;DOKAMOX 80% pdr oplosb. po 1 kg;Zak/doos;1000;g;Emdoka  BVBA;1000;1541085;199157-04
oranje;DUPHACYCLINE 30% LA opl. inj. 12x 250 ml;Injectieflacon;12x 250;ml;Zoetis Belgium  SA;3000;1483890;199491-02
oranje;FATROX zalf intramam. 4x 5 ml;Voorgevulde spuit;  4x 5 ml;tube;Fatro  SpA;4;;200681-01
oranje;FATROX zalf intramam. (15x4)x 5 ml;Voorgevulde spuit;  (15x4)x 5 ml;tube;Fatro  SpA;60;;200681-02
rood;MARBOCYL 2% opl. inj. 100 ml;Injectieflacon;100;ml;Vetoquinol NV;100;1509959;201406-04
oranje;ALBIOTIC/LINCOCIN INTRAMAMMAIR opl. intramam. 24x 10 ml;Doos;  24x 10 ml;tube;Huvepharma NV;24;;202517-03
oranje;EMDOCOLIN 10% pdr oplosb. po 1 kg;Zak/doos;1000;g;Emdoka  BVBA;1000;1541077;203052-03
oranje;EMDOCOLIN 10% pdr oplosb. po 2 kg;Zak/doos;2000;g;Emdoka  BVBA;2000;1616333;203052-04
geel;EMDOTRIM 60% MIX pdr oplosb. po 1000 g;;1000;g;Emdoka  BVBA;1000;;203533-03
geel;EMDOTRIM 60% MIX pdr oplosb. po 500 g;Zak/doos;500;g;Emdoka  BVBA;500;1540988;203533-05
geel;EMDOTRIM 60% MIX pdr oplosb. po 1 kg;Zak/doos;1000;g;Emdoka  BVBA;1000;1540996;203533-06
geel;EMDOTRIM 60% MIX pdr oplosb. po 2 kg;Zak/doos;2000;g;Emdoka  BVBA;2000;1541002;203533-07
oranje;COLISTINE EUROVET 400,000 IE/ml opl. po 1 l;Fles;1000;ml;Dechra Veterinary Products  NV;1000;1534718;204127-02
oranje;PULMOTIL AC opl. po 960 ml;Fles;960;ml;Eli Lilly Benelux  SA;960;1678689;206613-02
rood;ENTERFLUME 50% pdr oplosb. po 1 kg;Container;1000;g;Dopharma Research BV;1000;2586733;207742-01
oranje;CYCLOSPRAY 200 ml;Spuitbus;200;ml;Dechra Veterinary Products  NV;200;3033123;211285-01
geel;DOFATRIM-JECT opl. inj. 100 ml;Injectieflacon;100;ml;Dopharma Research BV;100;2586709;215555-01
geel;DOFATRIM-JECT opl. inj. 250 ml;Injectieflacon;250;ml;Dopharma Research BV;250;2718229;215555-02
oranje;DOXYRAL 50% pdr oplosb. po 1 kg;Zak;1000;g;Emdoka  BVBA;1000;;216404-03
oranje;TYLOSINE 75% pdr oplosb. po 133 g;Zak;133;g;Kela (Laboratoria) / Kempisch Laboratorium NV;133;1689082;216422-02
oranje;TYLOSINE 75% pdr oplosb. po 1333 g;Zak;1333;g;Kela (Laboratoria) / Kempisch Laboratorium NV;1333;1579614;216422-06
rood;BAYTRIL 100 opl. inj. 100 ml;Injectieflacon;100;ml;Bayer Animal Health GmbH;100;;216431-01
oranje;CITROXY 50% pdr oplosb. po 1 kg;Verpakking;1000;g;Dopharma Research BV;1000;2659035;218687-01
geel;NUFLOR SWINE opl. inj. 100 ml;Injectieflacon;100;ml;Intervet International  BV;100;1585884;220927-03
oranje;PIRSUE 5 mg/ml opl. intramam. 24x 10 ml;Voorgevulde spuit; 24x 10;ml;Zoetis Belgium  SA;240;;226493-01
oranje;PULMOTIL 100 gran. po 2 kg;Zak;2000;g;Eli Lilly Benelux  SA;2000;1678630;228487-02
geel;TRIMAZIN 90% pdr oplosb. po 1 kg;Zak;1000;g;Kela (Laboratoria) / Kempisch Laboratorium NV;1000;1664119;230036-03
oranje;COLISTIMAX 1200 PULVIS pdr oplosb. po 1 kg;Zak;1000;g;Kela (Laboratoria) / Kempisch Laboratorium NV;1000;1678291;230334-04
rood;ADVOCIN 180 opl. inj. 50 ml;Injectieflacon;50;ml;Zoetis Belgium  SA;50;;232346-01
rood;ADVOCIN 180 opl. inj. 100 ml;Injectieflacon;100;ml;Zoetis Belgium  SA;100;;232346-02
oranje;AMOXYCILLINE 70% pdr oplosb. po 1 kg;Zak;1000;g;Kela (Laboratoria) / Kempisch Laboratorium NV;1000;1689074;233764-05
geel;EMDOTRIM 10% SOL opl. po 100 ml;Fles;100;ml;Emdoka  BVBA;100;1633163;235523-01
geel;EMDOTRIM 10% SOL opl. po 1000 ml;Fles;1000;ml;Emdoka  BVBA;1000;1633171;235523-02
geel;EMDOTRIM 10% SOL opl. po 5000 ml;;5000;ml;Emdoka  BVBA;5000;1633189;235523-04
geel;ECONOR 10% premix 1 kg;Zak;1000;g;Novartis Animal Health Austria;1000;1488659;236363-01
oranje;SOLUDOX 500 mg/g pdr oplosb. po 1 kg;Zak;1000;g;Dechra Veterinary Products  NV;1000;1756352;240615-04
geel;MAMMYZINE 10 g pdr oplosb. inj. 10 g + oplosm. 30 ml 10 prst;Fles;10x (10 g + 30 ml);presentatie;Boehringer Ingelheim International  GmbH;10;2124584;255351-01
oranje;DRAXXIN 100 mg/ml opl. inj. 50 ml;Injectieflacon;50;ml;Zoetis Belgium  SA;50;2093391;258115-01
oranje;DRAXXIN 100 mg/ml opl. inj. 100 ml;Injectieflacon;100;ml;Zoetis Belgium  SA;100;2612018;258124-01
oranje;DOXYLIN 50% WSP pdr oplosb. po 1 kg;"Securitainer
Vat";1000;g;Dopharma Research BV;1000;2912871;263916-01
oranje;SURAMOX 50% pdr oplosb. po 1 kg;"Pot
Zak";1000;g;Virbac  SA;1000;2359818;266314-05
oranje;VIRBACTAN opl. intramam. (6x4)x 3 g;Voorgevulde spuit;  (6x4)x 3 g;tube;Virbac  SA;24;;270733-03
oranje;VIRBACTAN opl. intramam. (15x4)x 3 g;Voorgevulde spuit;  (15x4)x 3 g;tube;Virbac  SA;60;;270733-04
oranje;VIRBACTAN opl. intramam. (30x4)x 3 g;Voorgevulde spuit;  (30x4)x 3 g;tube;Virbac  SA;120;;270733-05
oranje;NISINJECT opl. inj. 50 ml;Injectieflacon;50;ml;Norbrook Laboratories  Ltd;50;;275572-01
oranje;NISINJECT opl. inj. 100 ml;Injectieflacon;100;ml;Norbrook Laboratories  Ltd;100;;275572-02
oranje;NOROCLAV opl. inj. 50 ml;injectieflacon;50;ml;Norbrook Laboratories  Ltd;50;2281053;275581-01
oranje;NOROCLAV opl. inj. 100 ml;injectieflacon;100;ml;Norbrook Laboratories  Ltd;100;2281046;275581-02
oranje;OCTACILLIN KIPPEN 697 mg/g pdr oplosb. po 500 g;Zak;500;g;Eurovet Animal Health BV;500;2320760;279194-03
oranje;AIVLOSIN VARKENS 42,5 mg/g premix 20 kg;Zak;20000;g;Eco Animal Health  Ltd;20000;9113978;281206-01
geel;DEPOSIL opl. inj. 100 ml;Injectieflacon;100;ml;Eurovet Animal Health BV;100;;283175-01
geel;DEPOSIL opl. inj. 250 ml;Injectieflacon;250;ml;Eurovet Animal Health BV;250;;283175-02
oranje;FEEDMIX OXY 10% premix 5 kg;Zak;5000;g;Dopharma Research BV;5000;0000017;285126-02
rood;COBACTAN 4,5% opl. inj. 30 ml;Injectieflacon;30;ml;Intervet International  BV;30;;286185-01
oranje;DOXYRAL 80% pdr oplosb. po 1 kg;Zak;1000;g;Emdoka  BVBA;1000;2379717;288251-03
rood;COBACTAN LA 7,5% opl. inj. 100 ml;Injectieflacon;100;ml;Intervet International  BV;100;;290884-02
oranje;PULMOTIL 200 VET premix 10 kg;Zak;10000;g;Eli Lilly Benelux  SA;10000;2542702;290936-02
geel;PHENOXYPEN WSP pdr oplosb. po 1 kg;Securitainer;1000;g;Dopharma Research BV;1000;;292354-02
geel;TIAMUTIN 10% premix 5 kg;Zak;5000;g;VMD NV;5000;1461441;300964-01
oranje;DOXYPREX 100 mg/g premix 25 kg;Zak;25000;g;Industrial Veterinaria  SA;25000;2468767;300982-04
geel;RESFLOR 300 RUNDEREN opl. inj. 100 ml;Injectieflacon;100;ml;Intervet International  BV;100;;300991-01
geel;RESFLOR 300 RUNDEREN opl. inj. 250 ml;Injectieflacon;250;ml;Intervet International  BV;250;;300991-02
geel;SELECTAN 300 mg/ml HIPRA opl. inj. 100 ml;Injectieflacon;100;ml;Laboratorios Hipra  SA;100;;305225-01
rood;NAXCEL VARKENS opl. inj. 100 ml;Injectieflacon;100;ml;Zoetis Belgium  SA;100;2217305;306871-01
oranje;SOLUDOX 500 mg/g pdr oplosb. po 10x 100 g;Doos;10x 100;g;Eurovet Animal Health BV;1000;;313871-05
geel;TIAMUTIN 10% opl. inj. 100 ml;Injectieflacon;100;ml;VMD NV;100;2506954;313896-01
oranje;DOXYRAL 50% pdr oplosb. po 1 kg;Zak;1000;g;Emdoka  BVBA;1000;1616267;316741-03
oranje;DOXYVETO 50% PULVIS pdr oplosb. po 1 kg;Zak/pot;1000;g;VMD NV;1000;1570456;320372-04
oranje;DOXYVETO 50% PULVIS pdr oplosb. po 2 kg;Zak/pot;2000;g;VMD NV;2000;1570464;320372-05
oranje;TYLAN 250 VET premix 25 kg;Zak;25000;g;Eli Lilly Benelux  SA;25000;2551331;320643-02
oranje;TILMOVET 200 g/kg premix 20 kg;Zak;20000;g;Huvepharma  NV;20000;2563039;321544-02
oranje;PROMYCINE PULVIS 4,800 IE/mg pdr oplosb. po 1 kg;Pot;1000;g;VMD NV;1000;;322077-04
oranje;UBROLEXIN opl. intramam. 20x 10 g;Voorgevulde spuit; (6x20)x 10 g;tube;Scs Boehringer Ingelheim Comm.V.;20;;322131-01
oranje;UBROLEXIN opl. intramam. (6x20)x 10 g;Voorgevulde spuit; 20x 10 g;tube;Scs Boehringer Ingelheim Comm.V.;120;;322131-03
oranje;TILMOVET 250 mg/ml opl. po 960 ml;Fles;960;ml;Huvepharma  NV;960;2563856;324222-01
geel;TUCOPRIM premix 25 kg;Zak;25000;g;Zoetis Belgium  SA;25000;0000028;325035-06
rood;FLOXADIL 50 mg/ml opl. inj. 100 ml;Injectieflacon;100;ml;Emdoka  BVBA;100;2561157;325437-01
rood;FLOXADIL 50 mg/ml opl. inj. 250 ml;Injectieflacon;250;ml;Emdoka  BVBA;250;2561165;325437-03
rood;FLOXADIL 100 mg/ml opl. inj. 100 ml;Injectieflacon;100;ml;Emdoka  BVBA;100;2561173;325446-03
rood;FLOXADIL 100 mg/ml opl. inj. 250 ml;Injectieflacon;250;ml;Emdoka  BVBA;250;2561181;325446-05
oranje;PROMYCINE 400 IE/mg premix 25 kg;Zak;25000;g;VMD NV;25000;0000023;325552-03
rood;CEVAXEL 50 mg/ml pdr oplosb. inj. 4 g + oplosm. 80 ml 1 prst;Injectieflacon;1x (4 g + 80 ml);presentatie;Ceva Sante Animale  NV;1;2556926;325647-02
geel;SHOTAFLOR VARKEN 300 mg/ml opl. inj. 250 ml;Injectieflacon;250;ml;Virbac  SA;250;2594026;327302-03
oranje;SOLUDOX 15% pdr oplosb. po 1 kg;Zak;1000;g;Dechra Veterinary Products  NV;1000;3214921;327336-01
rood;EFICUR 50 mg/ml opl. inj. 100 ml;Injectieflacon;100;ml;Laboratorios Hipra  SA;100;2710515;330714-02
rood;EFICUR 50 mg/ml opl. inj. 250 ml;Injectieflacon;250;ml;Laboratorios Hipra  SA;250;2710507;330714-03
rood;BAYTRIL 100 mg/ml opl. inj. 100 ml;Injectieflacon;100;ml;Bayer Animal Health GmbH;100;2598332;330951-02
geel;VETMULIN 100 g/kg premix 20 kg;Zak;20000;g;Huvepharma  NV;20000;2591923;333453-02
geel;VETMULIN 450 mg/g gran. oplosb. po 1 kg;Zak;1000;g;Huvepharma  NV;1000;2591949;333471-01
oranje;NEOPEN opl. inj. 250 ml;Injectieflacon;250;ml;Intervet International  BV;250;1180603;336646-02
oranje;RHEMOX premix 24 kg;Zak;24000;g;Industrial Veterinaria  SA;24000;2612810;336944-02
oranje;PHARMASIN 100 mg/g premix 20 kg;Zak;20000;g;Huvepharma  NV;20000;;337163-02
oranje;PHARMASIN 250 mg/g premix 20 kg;Zak;20000;g;Huvepharma  NV;20000;2601797;337172-02
rood;UNISOL 100 mg/ml opl. po 1 l;Fles / pot / vat;1000;ml;Vetpharma Animal Health SL;1000;2615292;338292-02
oranje;AIVLOSIN KIPPEN/KALKOENEN 625 mg/g gran. oplosb. po 40 g;Zak;40;g;Eco Animal Health  Ltd;40;;338633-01
oranje;AIVLOSIN KIPPEN/KALKOENEN 625 mg/g gran. oplosb. po 400 g;Zak;400;g;Eco Animal Health  Ltd;400;9100546;338642-01
rood;ENRO-K 10% opl. po 1 l;Fles / pot / vat;1000;ml;Laboratorios Karizoo (Es) SA;1000;2636934;343113-02
oranje;AIVLOSIN VARKENS 625 mg/g gran. oplosb. po 40 g;Zak;40;g;Eco Animal Health  Ltd;40;0000006;343971-01
oranje;AIVLOSIN VARKENS 625 mg/g gran. oplosb. po 160 g;Zak;160;g;Eco Animal Health  Ltd;160;9113986;343987-01
geel;FLORKEM 300 mg/ml opl. inj. 100 ml;Injectieflacon;100;ml;Ceva Sante Animale  NV;100;2630648;344705-03
geel;FLORKEM 300 mg/ml opl. inj. 250 ml;Injectieflacon;250;ml;Ceva Sante Animale  NV;250;2630663;344705-04
geel;VETMULIN VARKENS 100 mg/g gran. po 1 kg;Zak;1000;g;Huvepharma  NV;1000;2648939;345667-02
oranje;TILMOVET 100 mg/g gran. po 1 kg;Zak;1000;g;Huvepharma  NV;1000;2648921;345886-02
geel;VETMULIN VARKENS 162 mg/ml opl. inj. 100 ml;Injectieflacon;100;ml;Huvepharma  NV;100;2657781;346333-01
oranje;TILMI-KEL opl. inj. 100 ml;Injectieflacon;100;ml;Kela (Laboratoria) / Kempisch Laboratorium NV;100;;346665-02
oranje;LINCO-SPECTIN 22 + 22 premix 25 kg;Verpakking;25000;g;Zoetis Belgium  SA;25000;1120906;346692-04
rood;CEFENIL pdr oplosb. inj. 1 g + oplosm. 20 ml 1 prst;Injectieflacon;1x (1 g + 20 ml);presentatie;Norbrook Laboratories  Ltd;1;2660066;347304-01
rood;CEFENIL pdr oplosb. inj. 1 g + oplosm. 20 ml 6 prst;Injectieflacon; 6x (1 g + 20 ml);presentatie;Norbrook Laboratories  Ltd;6;;347304-02
rood;CEFENIL pdr oplosb. inj. 1 g + oplosm. 20 ml 12 prst;Injectieflacon; 12x (1 g + 20 ml);presentatie;Norbrook Laboratories  Ltd;12;;347304-03
rood;CEFENIL pdr oplosb. inj. 4 g + oplosm. 80 ml 1 prst;Injectieflacon;1x (4 g + 80 ml);presentatie;Norbrook Laboratories  Ltd;1;2660074;347304-04
rood;CEFENIL pdr oplosb. inj. 4 g + oplosm. 80 ml 6 prst;Injectieflacon; 6x (4 g + 80 ml);presentatie;Norbrook Laboratories  Ltd;6;;347304-05
rood;CEFENIL pdr oplosb. inj. 4 g + oplosm. 80 ml 12 prst;Injectieflacon; 12x (4 g + 80 ml);presentatie;Norbrook Laboratories  Ltd;12;;347304-06
oranje;TILDOSIN 300 mg/ml opl. inj. 50 ml;Injectieflacon;50;ml;Vetpharma Animal Health SL;50;;347681-01
oranje;TILDOSIN 300 mg/ml opl. inj. 100 ml;Injectieflacon;100;ml;Vetpharma Animal Health SL;100;;347681-02
oranje;HYMATIL 300 mg/ml opl. inj. 100 ml;Injectieflacon;100;ml;Industrial Veterinaria  SA;100;;350296-02
rood;FLOXAMAX 100 mg/ml opl. po 1 l;Fles;1000;ml;Kela (Laboratoria) / Kempisch Laboratorium NV;1000;2823821;355144-01
rood;FLOXAMAX 100 mg/ml opl. po 5 l;Fles;5000;ml;Kela (Laboratoria) / Kempisch Laboratorium NV;5000;;355144-02
oranje;CHLOROMED KALVEREN 150 mg/g pdr po 1 kg;Zak;1000;g;Univet  Ltd;1000;;355616-01
oranje;ENGEMYCIN SPRAY 200 ml;Spuitbus;200;ml;Intervet International  BV;200;2690071;356307-01
oranje;PHARMASIN 250 mg/g gran. po 5 kg;Zak;5000;g;Huvepharma  NV;5000;2685584;357095-01
oranje;PHARMASIN 250 mg/g gran. po 1 kg;Zak;1000;g;Huvepharma  NV;1000;2685006;357104-01
geel;FENFLOR RUND 300 mg/ml opl. inj. 250 ml;Injectieflacon;250;ml;Krka, D.D. Novo Mesto;250;;360166-03
oranje;COLIPLUS 2,000,000 IU/ml opl. po 1 l;Fles;1000;ml;Divasa-Farmavic  SA;1000;2730265;360184-02
geel;PHENOXYPEN WSP pdr oplosb. po 1 kg;;1000;g;Dopharma Research BV;1000;2586469;362266-01
rood;FENOFLOX 50 mg/ml opl. inj. 100 ml;Injectieflacon;100;ml;Chanelle Pharmaceuticals Manufacturing Ltd;100;2797231;363072-01
geel;SHOTAFLOR RUND 300 mg/ml opl. inj. 250 ml;Injectieflacon;250;ml;Virbac  SA;250;2769396;363605-03
oranje;COLIVET BOLUS 150 mg tabl. po 20 stk;Blisterverpakking;20;tablet;Prodivet Pharmaceuticals SA;20;;364612-01
oranje;COLIVET BOLUS 150 mg tabl. po 100 stk;Blisterverpakking;100;tablet;Prodivet Pharmaceuticals SA;100;;364612-02
rood;ENROVETO 100 mg/ml opl. po 1 l;Fles;1000;ml;Vetpharma Animal Health SL;1000;2747012;365486-02
rood;READYCEF 50 mg/ml opl. inj. 100 ml;Injectieflacon;100;ml;Laboratorios Calier  SA;100;2762698;367035-01
oranje;COLIVET QUICK PUMP opl. po 100 ml;Fles;100;ml;Prodivet Pharmaceuticals SA;100;2906477;368085-01
oranje;CYCLOSPRAY 400 ml;Spuitbus;400;ml;Dechra Veterinary Products  NV;400;3033115;369704-01
geel;FLORON 40 mg/g premix 25 kg;Zak;25000;g;Krka, D.D. Novo Mesto;25000;3157450;370641-03
geel;FLORGANE 300 mg/ml opl. inj. 100 ml;Injectieflacon;100;ml;Emdoka  BVBA;100;2725216;371786-03
geel;FLORGANE 300 mg/ml opl. inj. 250 ml;Injectieflacon;250;ml;Emdoka  BVBA;250;2725166;371786-05
oranje;DOXYVETO-CITRIX 500 mg/g pdr oplosb. po 2 kg;Zak;2000;g;VMD NV;2000;3156312;371935-05
oranje;SURAMOX 5% premix 25 kg;Pot / zak;25000;g;Virbac  SA;25000;3174547;375566-05
rood;COLMYC 100 mg/ml opl. inj. 100 ml;Injectieflacon;100;ml;S.P. Veterinaria  SA;100;;375654-02
rood;CEFTIOCYL 50 mg/ml opl. inj. 100 ml;Injectieflacon;100;ml;Vetoquinol NV;100;2769073;376424-02
oranje;CENTIDOX 100% pdr oplosb. po 1 kg;;1000;g;Dechra Regulatory BV (NL);1000;;377377-04
oranje;CENTIDOX 100% pdr oplosb. po 1 kg;Zak;1000;g;Eurovet Animal Health BV;1000;2755429;377386-04
oranje;DOKAMOX 100 mg/g premix 25 kg;Zak;25000;g;Laboratoires Sogeval;25000;2823839;377404-02
rood;MARBOX 100 mg/ml opl. inj. 100 ml;Injectieflacon;100;ml;Ceva Sante Animale  NV;100;2748721;377903-02
rood;MARBOX 100 mg/ml opl. inj. 250 ml;Injectieflacon;250;ml;Ceva Sante Animale  NV;250;2748739;377903-03
rood;NAXCEL RUNDVEE opl. inj. 100 ml;Injectieflacon;100;ml;Zoetis Belgium  SA;100;;377982-01
oranje;ZACTRAN opl. inj. 100 ml;Injectieflacon;100;ml;Merial;100;2591766;378217-01
geel;KEFLORIL 300 mg/ml opl. inj. 100 ml;Injectieflacon;100;ml;Vetoquinol NV;100;;378567-02
geel;KEFLORIL 300 mg/ml opl. inj. 250 ml;Injectieflacon;250;ml;Vetoquinol NV;250;;378567-03
rood;SPECTRON 100 mg/ml opl. po 1 l;Fles;1000;ml;Laboratorios Hipra  SA;1000;2924199;379145-02
oranje;HYDRODOXX 500 mg/g pdr oplosb. po 1 kg;Zak;1000;g;Huvepharma  NV;1000;2620730;379373-01
oranje;APRALAN 100 VET premix 25 kg;Zak;25000;g;Eli Lilly Benelux  SA;25000;2767333;379705-03
oranje;APRALAN 100 gran. po 1 kg;Zak;1000;g;Eli Lilly Benelux  SA;1000;2767325;379714-01
rood;BAYTRIL MAX opl. inj. 100 ml;Injectieflacon;100;ml;Bayer Animal Health GmbH;100;2769032;381814-01
oranje;OCTACILLIN VARKENS 800 mg/g pdr oplosb. po 500 g;Zak;500;g;Eurovet Animal Health BV;500;2792513;381945-03
oranje;OCTACILLIN VARKENS 800 mg/g pdr oplosb. po 1 kg;Zak;1000;g;Eurovet Animal Health BV;1000;2881001;381945-04
rood;CEVAXEL RTU 50 mg/ml opl. inj. 100 ml;Injectieflacon;100;ml;Ceva Sante Animale  NV;100;2798486;387134-01
rood;CEVAXEL RTU 50 mg/ml opl. inj. 250 ml;Injectieflacon;250;ml;Ceva Sante Animale  NV;250;2798676;387134-02
oranje;PHARMASIN 100% gran. oplosb. po 1,1 kg;Zak;1100;g;Huvepharma  NV;1100;2805372;387143-01
oranje;DOXYRAL 10% premix 25 kg;Zak;25000;g;Emdoka  BVBA;25000;2824266;388245-04
rood;ENROSHORT 100 mg/ml opl. po 1 l;Fles;1000;ml;Krka, D.D. Novo Mesto;1000;2859353;388726-01
rood;ENROSHORT 100 mg/ml opl. po 100 ml;Fles;100;ml;Krka, D.D. Novo Mesto;100;2859346;388735-01
oranje;EMDOCOLIN 50% pdr oplosb. po 1 kg;Zak;1000;g;Emdoka  BVBA;1000;2790780;388997-03
geel;SELECTAN ORAL 23 mg/ml opl. po 5 l;Vat;5000;ml;Laboratorios Hipra  SA;5000;2924207;390774-01
rood;MARFLOQUIN 20 mg/ml opl. inj. 100 ml;Injectieflacon;100;ml;Krka, D.D. Novo Mesto;100;2909075;392935-02
rood;MARBIFLOX 100 mg/ml opl. inj. 100 ml;Injectieflacon;100;ml;Krka, D.D. Novo Mesto;100;2933935;392944-02
rood;MARFLOQUIN 100 mg/ml opl. inj. 100 ml;Injectieflacon;100;ml;Krka, D.D. Novo Mesto;100;2909091;392953-02
rood;ENRODEXIL 100 mg/ml opl. inj. 100 ml;Injectieflacon;100;ml;Industrial Veterinaria  SA;100;;392962-02
rood;DORAFLOX 100 mg/ml opl. inj. 100 ml;Injectieflacon;100;ml;Dopharma Research BV;100;2935252;392971-01
rood;DORAFLOX 100 mg/ml opl. inj. 250 ml;Injectieflacon;250;ml;Dopharma Research BV;250;2886885;392971-02
rood;FORCYL RUND 160 mg/ml opl. inj. 100 ml;Injectieflacon;100;ml;Vetoquinol NV;100;;395866-02
oranje;TILMODIL opl. inj. 50 ml;Multidoseringscontainer;50;ml;Emdoka  BVBA;50;;397521-01
oranje;TILMODIL opl. inj. 100 ml;Multidoseringscontainer;100;ml;Emdoka  BVBA;100;;397521-02
rood;CEFTIOSAN 50 mg/ml opl. inj. 100 ml;Injectieflacon;100;ml;Alfasan International  BV;100;2860179;397616-01
rood;CEFTIOSAN 50 mg/ml opl. inj. 250 ml;Injectieflacon;250;ml;Alfasan International  BV;250;2860187;397616-03
geel;COLFEN 300 mg/ml opl. inj. 100 ml;Injectieflacon;100;ml;Zoetis Belgium  SA;100;2930097;398361-02
geel;COLFEN 300 mg/ml opl. inj. 250 ml;Injectieflacon;250;ml;Zoetis Belgium  SA;250;2930105;398361-03
rood;UBIFLOX 100 mg/ml opl. inj. 100 ml;Injectieflacon;100;ml;Krka, D.D. Novo Mesto;100;2916674;399603-02
rood;QUIFLOR 20 mg/ml opl. inj. 100 ml;Injectieflacon;100;ml;Krka, D.D. Novo Mesto;100;3157476;399646-02
rood;QUIFLOR 100 mg/ml opl. inj. 100 ml;Injectieflacon;100;ml;Krka, D.D. Novo Mesto;100;3157468;399655-02
rood;QUIFLOR S RUNDEREN 100 mg/ml opl. inj. 100 ml;Injectieflacon;100;ml;Krka, D.D. Novo Mesto;100;;399664-01
rood;QUINOFLOX 100 mg/ml opl. po 12x 1 l;Fles;12x 1000;ml;Global Vet Health;12000;;400434-01
rood;QUINOFLOX 100 mg/ml opl. po 4x 5 l;Fles;4x 5000;ml;Global Vet Health;20000;;400434-02
rood;QUINOFLOX 100 mg/ml opl. po 1 l;Fles;1000;ml;Global Vet Health;1000;;400434-03
rood;QUINOFLOX 100 mg/ml opl. po 5 l;Fles;5000;ml;Global Vet Health;5000;;400434-04
geel;SELECTAN 300 mg/ml HIPRA opl. inj. 100 ml;Injectieflacon;100;ml;Laboratorios Hipra  SA;100;2475994;400556-02
geel;SELECTAN 300 mg/ml HIPRA opl. inj. 250 ml;Injectieflacon;250;ml;Laboratorios Hipra  SA;250;2476000;400556-03
rood;DORAFLOX 25 mg/ml opl. po 1 l;Fles;1000;ml;Vetpharma Animal Health SL;1000;;402595-03
oranje;UBROSTAR DRY COW opl. intramam. 20x 5 ml;Voorgevulde spuit;  20x 5 ml;tube;Boehringer Ingelheim International  GmbH;20;;408003-01
oranje;UBROSTAR DRY COW opl. intramam. 60x 5 ml;Voorgevulde spuit;  60x 5 ml;tube;Boehringer Ingelheim International  GmbH;60;;408003-02
oranje;ZUPREVO VARKEN opl. inj. 100 ml;Injectieflacon;100;ml;Intervet International  BV;100;2837532;408475-01
oranje;ZUPREVO VARKEN opl. inj. 250 ml;Injectieflacon;250;ml;Intervet International  BV;250;2837557;408484-01
oranje;ZUPREVO RUND opl. inj. 50 ml;Injectieflacon;50;ml;Intervet International  BV;50;;408502-01
geel;FLORFENIKEL 300 mg/ml opl. inj. 100 ml;Injectieflacon;100;ml;Kela (Laboratoria) / Kempisch Laboratorium NV;100;2923894;410243-01
geel;FLORFENIKEL 300 mg/ml opl. inj. 250 ml;Injectieflacon;250;ml;Kela (Laboratoria) / Kempisch Laboratorium NV;250;2923902;410243-04
rood;FORCYL SWINE 160 mg/ml opl. inj. 100 ml;Injectieflacon;100;ml;Vetoquinol NV;100;3022647;426955-02
geel;NORFENICOL 300 mg/ml opl. inj. 100 ml;Injectieflacon;100;ml;Norbrook Laboratories  Ltd;100;3022613;428075-02
geel;NORFENICOL 300 mg/ml opl. inj. 250 ml;Injectieflacon;250;ml;Norbrook Laboratories  Ltd;250;;428075-03
geel;NORFENICOL 300 mg/ml opl. inj. 100 ml;Injectieflacon;100;ml;Norbrook Laboratories  Ltd;100;;428084-02
geel;NORFENICOL 300 mg/ml opl. inj. 250 ml;Injectieflacon;250;ml;Norbrook Laboratories  Ltd;250;3022621;428084-03
rood;BAYTRIL BOLUS tabl. po 1 stk;Strip;1;tablet;Bayer Animal Health GmbH;1;;429441-01
rood;BAYTRIL BOLUS tabl. po 3 stk;Strip;3;tablet;Bayer Animal Health GmbH;3;;429441-08
oranje;LINSPEC 50/100 mg/ml opl. inj. 100 ml;Injectieflacon;100;ml;Chanelle Pharmaceuticals Manufacturing Ltd;100;3254570;429694-01
oranje;LINSPEC 50/100 mg/ml opl. inj. 250 ml;Injectieflacon;250;ml;Chanelle Pharmaceuticals Manufacturing Ltd;250;3254588;429694-02
geel;METHOXASOL 20/100 mg/ml opl. po 1 l;Fles;1000;ml;Eurovet Animal Health BV;1000;3023892;430927-01
geel;METHOXASOL 20/100 mg/ml opl. po 5 l;Fles;5000;ml;Eurovet Animal Health BV;5000;0000049;430927-02
rood;CEFFECT 25 mg/ml opl. inj. 100 ml;Injectieflacon;100;ml;Emdoka  BVBA;100;3019833;432494-01
geel;SULFAPREX premix 25 kg;Zak;25000;g;Laboratorios Calier  SA;25000;0000026;433027-01
rood;ODIMAR 100 mg/ml opl. inj. 100 ml;Injectieflacon;100;ml;Animalcare  Ltd;100;2979870;434752-04
rood;ODIMAR 100 mg/ml opl. inj. 250 ml;Injectieflacon;250;ml;Animalcare  Ltd;250;2979888;434752-05
rood;ODIMAR 20 mg/ml opl. inj. 100 ml;Injectieflacon;100;ml;Animalcare  Ltd;100;2979854;434761-04
rood;ODIMAR 20 mg/ml opl. inj. 250 ml;Injectieflacon;250;ml;Animalcare  Ltd;250;2979862;434761-05
geel;SELECTAN 300 mg/ml VACCIFAR opl. inj. 250 ml;Injectieflacon;250;ml;Vaccifar  BV;250;;434777-01
geel;SELECTAN 300 mg/ml VACCIFAR opl. inj. 250 ml;Injectieflacon;250;ml;Vaccifar  BV;250;;434786-01
geel;SELECTAN 300 mg/ml VACCIFAR opl. inj. 250 ml;Injectieflacon;250;ml;Vaccifar  BV;250;3057213;434795-01
geel;SELECTAN 300 mg/ml VACCIFAR opl. inj. 100 ml;Injectieflacon;100;ml;Vaccifar  BV;100;;434804-01
geel;SELECTAN 300 mg/ml VACCIFAR opl. inj. 100 ml;Injectieflacon;100;ml;Vaccifar  BV;100;3057221;434813-01
oranje;DOXYLIN 50% WSP pdr oplosb. po 5 kg;Vat;5000;g;Dopharma Research BV;5000;3041753;435723-03
oranje;MULTISHIELD DC opl. intramam. 24x 4,5 g;Injector voor intramammair gebruik;  24x 4,5 g;tube;Cross Vetpharm Group;24;;439004-01
oranje;MULTISHIELD DC opl. intramam. 120x 4,5 g;Injector voor intramammair gebruik;  120x 4,5 g;tube;Cross Vetpharm Group;120;;439004-02
rood;MARBONOR 100 mg/ml opl. inj. 50 ml;Injectieflacon;50;ml;Norbrook Laboratories  Ltd;50;3060175;439257-02
rood;MARBONOR 100 mg/ml opl. inj. 100 ml;Injectieflacon;100;ml;Norbrook Laboratories  Ltd;100;3060183;439257-03
rood;CEFOKEL 50 mg/ml opl. inj. 100 ml;Injectieflacon;100;ml;Kela (Laboratoria) / Kempisch Laboratorium NV;100;3068954;439704-01
oranje;APRAVET VARKENS 100 g/kg premix 1 kg;Zak;1000;g;Huvepharma  NV;1000;3076320;442023-01
oranje;APRAVET VARKENS 100 g/kg premix 5 kg;Zak;5000;g;Huvepharma  NV;5000;3076338;442023-02
oranje;APRAVET VARKENS 100 g/kg premix 20 kg;Zak;20000;g;Huvepharma  NV;20000;3076346;442023-03
rood;KELBOMAR 100 mg/ml opl. inj. 100 ml;injectieflacon;100;ml;Kela (Laboratoria) / Kempisch Laboratorium NV;100;3090255;442355-01
rood;KELBOMAR 100 mg/ml opl. inj. 250 ml;Injectieflacon;250;ml;Kela (Laboratoria) / Kempisch Laboratorium NV;250;3112000;442355-02
;ZINKOSIN 1000 mg/g premix 25 kg;Zak;25000;g;Dopharma Research BV;25000;0000034;442443-01
;ZINCOVETO GRANULES 1000 mg/g premix 25 kg;Zak;25000;g;VMD NV;25000;0000033;442452-02
;ZINCOCHEM 1000 mg/g premix 25 kg;Zak;25000;g;Andrés Pintaluba, S.A.;25000;3067188;442477-01
oranje;SURAMOX 1000 mg/g pdr oplosb. po 1 kg;Zak;1000;g;Virbac  SA;1000;3113354;442845-03
geel;AMPHEN 200 mg/g gran. oplosb. po 1 kg;Zak;1000;g;Huvepharma  NV;1000;3356482;444193-02
oranje;SPECTOLIPHEN 50/100 mg/ml opl. inj. 250 ml;Pot;250;ml;Kela (Laboratoria) / Kempisch Laboratorium NV;250;3111622;445137-02
rood;ENROXAL 100 mg/ml opl. po 1 l;Fles;1000;ml;Krka, D.D. Novo Mesto;1000;3157435;445182-01
geel;FLOXYME 50 mg/ml opl. po 1 l;Fles;1000;ml;Andersen SA;1000;;445435-01
rood;BOFLOX opl. inj. 6x 100 ml;Injectieflacon;6x 100;ml;Industrial Veterinaria  SA;600;3431046;445706-01
rood;EFICUR VACCIFAR 50 mg/ml opl. inj. 250 ml;Injectieflacon;250;ml;Vaccifar  BV;250;;446542-01
rood;EFICUR VACCIFAR 50 mg/ml opl. inj. 250 ml;Injectieflacon;250;ml;Vaccifar  BV;250;3130473;446551-01
rood;EFICUR VACCIFAR 50 mg/ml opl. inj. 100 ml;Injectieflacon;100;ml;Vaccifar  BV;100;;446560-01
rood;EFICUR VACCIFAR 50 mg/ml opl. inj. 100 ml;Injectieflacon;100;ml;Vaccifar  BV;100;3130465;446577-01
oranje;DOXYLIN 100% pdr oplosb. po 1 kg;"Container
Emmer";1000;g;Dopharma Research BV;1000;3131679;447137-01
oranje;DOXYLIN 100% pdr oplosb. po 5 kg;"Container
Emmer";5000;g;Dopharma Research BV;5000;3699964;447146-03
rood;ENROX MAX 100 mg/ml opl. inj. 100 ml;Injectieflacon;100;ml;Krka, D.D. Novo Mesto;100;3157427;456746-01
oranje;CEFFECT LC 75 mg zalf intramam. 24x 8 g;Injector voor intramammair gebruik;  24x 8 g;tube;Emdoka  BVBA;24;;458897-04
geel;FLORDOFEN 300 mg/ml opl. inj. 250 ml;Injectieflacon;250;ml;Dopharma Research BV;250;3233798;459440-01
oranje;AMOXY ACTIVE 697 mg/g pdr oplosb. po 1 kg;Emmer;1000;g;Dopharma Research BV;1000;3189768;461093-01
oranje;AMOXY ACTIVE 697 mg/g pdr oplosb. po 5 kg;Emmer;5000;g;Dopharma Research BV;5000;3550555;461093-03
oranje;AMOXY ACTIVE 697 mg/g pdr oplosb. po 1 kg;Securitainer;1000;g;Dopharma Research BV;1000;3189768;461102-04
oranje;PAROFOR 70 mg/g pdr oplosb. po 1 kg;Zak;1000;g;Huvepharma  NV;1000;3191616;461555-01
geel;NIFENCOL 100 mg/ml opl. po 1 l;Fles;1000;ml;Vetpharma Animal Health SL;1000;3268463;462124-02
geel;NIFENCOL 100 mg/ml opl. po 5 l;Fles;5000;ml;Vetpharma Animal Health SL;5000;3611811;462124-03
geel;FLORDOFEN 100 mg/ml opl. po 1 l;Fles;1000;ml;Dopharma Research BV;1000;3235645;462133-02
geel;FLORDOFEN 100 mg/ml opl. po 5 l;Fles;5000;ml;Dopharma Research BV;5000;3310356;462133-03
geel;TAF SPRAY 28,5 mg/g 150 ml;Spuitbus;150;ml;Eurovet Animal Health BV;150;3268489;467937-02
oranje;DOXX-SOL pdr oplosb. po 1 kg;Zak;1000;g;Huvepharma  NV;1000;3262409;468826-01
oranje;DOXX-SOL pdr oplosb. po 5 kg;Zak;5000;g;Huvepharma  NV;5000;3262433;468826-02
geel;FLORON 300 mg/ml opl. inj. 100 ml;Injectieflacon;100;ml;Krka, D.D. Novo Mesto;100;3272960;470311-02
geel;FLORON 300 mg/ml opl. inj. 250 ml;Injectieflacon;250;ml;Krka, D.D. Novo Mesto;250;3272978;470311-03
oranje;TYLOGRAN gran. oplosb. po 550 g;doos;550;g;Dopharma Research BV;550;3305703;473173-01
geel;MASTIPLAN LC opl. intramam. 20x 8 g;; 20x 8 g;g;Intervet International BV;Err :502;3294535;473724-02
rood;EFICUR 50 mg/ml opl. inj. 50 ml;Injectieflacon;50;ml;Laboratorios Hipra SA;50;;474346-01
rood;EFICUR 50 mg/ml opl. inj. 100 ml;Injectieflacon;100;ml;Laboratorios Hipra SA;100;;474346-02
rood;EFICUR 50 mg/ml opl. inj. 250 ml;Injectieflacon;250;ml;Laboratorios Hipra SA;250;;474346-03
oranje;DRAXXIN 25 mg/ml opl. inj. 50 ml;injectieflacon;50;ml;Zoetis Belgium  SA;50;3274685;474711-01
oranje;DRAXXIN 25 mg/ml opl. inj. 100 ml;Injectieflacon;100;ml;Zoetis Belgium  SA;100;3274693;474720-01
oranje;DRAXXIN 25 mg/ml opl. inj. 250 ml;Injectieflacon;250;ml;Zoetis Belgium  SA;250;3274719;474737-01
oranje;DFV DOXIVET 500 mg/g pdr oplosb. po 1 kg;Zak;1000;g;Divasa-Farmavic SA;1000;3375045;475306-04
oranje;AMATIB 800 mg/g VARKEN/KIP pdr oplosb. po 1 kg;Zak;1000;g;Krka, D.D. Novo Mesto;1000;;477795-04
oranje;AMOXY TRIHYDRAAT 574 mg/g pdr opl. po 1 kg;Zak;1000;g;VMD NV;1000;;478222-04
geel;PENETHAONE 236,3 mg/ml pdr oplosb. inj. 9,5 g + oplosm. 36 ml 1 prst;Fles;1x (9,5 g + 36 ml);presentatie;Divasa-Farmavic;1;;482986-01
geel;PENETHAONE 236,3 mg/ml pdr oplosb. inj. 4,75 g + oplosm. 18 ml 1 prst;Fles;1x (4,75 g + 18 ml);presentatie;Divasa-Farmavic;1;;482995-01
geel;PERMACYL 236,3 mg/ml pdr oplosb. inj. 4,75 g + oplosm. 18 ml 1 prst;Fles;1x (4,75 g + 18 ml);presentatie;Divasa-Farmavic;1;;483004-01
geel;PERMACYL 236,3 mg/ml pdr oplosb. inj. 9,5 g + oplosm. 36 ml 1 prst;Fles;1x (9,5 g + 36 ml);presentatie;Divasa-Farmavic;1;;483013-01
;GUTAL 1000 mg/g premix 20 kg;Zak;20000;ml;Huvepharma  NV;20000;3065505;484764-02
geel;PHENOCILLIN 800 mg/g pdr oplosb. po 500 g;Zak;500;g;Eurovet Animal Health BV;500;3444411;485431-04
geel;PHENOCILLIN 800 mg/g pdr oplosb. po 1000 g;;1000;g;Dechra Regulatory BV (NL);1000;;485431-05
oranje;GYNAECOLOGISCHE OBLETTEN 1 g tabl. iu 100 stk;Strip;100;tablet;VMD NV;100;;489244-02
oranje;SOLAMOCTA 697 mg/g pdr oplosb. po 500 g;Zak;500;g;Eurovet Animal Health BV;500;;489502-03
oranje;RHEMOX 500 mg/g pdr oplosb. po 1 kg;;1000;g;Industrial Veterinaria SA;1000;;493991-04
geel;NOVOMATE 227,8 mg/ml pdr oplosb. inj. 10 g + oplosm. 30 ml 1 prst;Injectieflacon;  1x (10 g + 30 ml);presentatie;Pharmanovo GmbH;1;;494400-01
oranje;COLIVET SF 500 opl. inj. 100 ml;Injectieflacon;100;ml;Prodivet Pharmaceuticals SA;100;3444395;496577-01
oranje;TYLUCYL 200 mg/ml opl. inj. 100 ml;Injectieflacon;100;ml;Vetoquinol NV;100;3508181;497297-02
oranje;TYLUCYL 200 mg/ml opl. inj. 250 ml;Injectieflacon;250;ml;Vetoquinol NV;250;3550506;497297-03
geel;UBROPEN 600 mg opl. intramam. 20x 10 g;Injector voor intramammair gebruik;  20x 10 g;tube;Vetcare Oy;20;;497991-03
geel;MYCOFLOR 200 mg/ml opl. po 1 l;;1000;ml;S.P. Veterinaria SA (ES);1000;;498631-01
oranje;COLIXYME 22 500 000 IE/g pdr oplosb. po 6150 MIE 1 prst;Sachet;1x 6150 MIE;presentatie;ANDERSEN SA;1;;498657-01
oranje;COLIXYME 22 500 000 IE/g pdr oplosb. po 615 MIE 20 prst;Sachet; 1x (20x 615 MIE);presentatie;ANDERSEN SA;20;;498657-02
oranje;COLIXYME 22 500 000 IE/g pdr oplosb. po 1020 MIE 20 prst;Sachet;  1x (20x 1020 MIE);presentatie;ANDERSEN SA;20;;498657-03
geel;FLORDOFEN 300 mg/ml opl. inj. 100 ml;;100;ml;Dopharma Research BV;100;3889524;500675-02
geel;METAXOL 20/100 mg/ml opl. po 5 l;;5000;ml;Dechra Regulatory BV;5000;3962628;501173-01
oranje;DOXATIB 500 mg/g pdr oplosb. po 1 kg;Zak;1000;g;Krka, D.D. Novo Mesto;1000;3519063;501662-04
oranje;ALTIDOX 500 mg/g pdr oplosb. po 1 kg;;1000;g;Dechra Regulatory BV;1000;;502737-01
oranje;APRAVET 100000 IE/g premix 20 kg;Zak;20000;g;Huvepharma  NV;20000;;502817-03
oranje;PHARMASIN 200 mg/ml opl. inj. 100 ml;Injectieflacon;100;ml;Huvepharma NV;100;;503182-02
oranje;PHARMASIN 200 mg/ml opl. inj. 250 ml;Injectieflacon;250;ml;Huvepharma NV;250;;503182-03
oranje;ZACTRAN opl. inj. 50 ml;Injectieflacon;50;ml;Merial;50;2882173;503306-01
oranje;COLDOSTIN 4800000 IE/g pdr oplosb. po 1 kg;Bus;1000;g;Dopharma Research BV;1000;3550985;504346-01
oranje;DOXYVETO-CITRIX 500 mg/g pdr oplosb. po 1 kg;Zak;1000;g;VMD NV;1000;3811379;509600-02
geel;EMDOTRIM 15% premix 25 kg;;25000;g;Emdoka BVBA;25000;;512737-04
oranje;SYNULOX LC opl. intramam. 12x 3 g;;   12x3 g;tube;Zoetis Belgium  SA;12;;512755-02
oranje;SYNULOX LC opl. intramam. 24x 3 g;;   24x3 g;tube;Zoetis Belgium  SA;24;;512755-03
geel;ZELERIS opl. inj. 100 ml;Injectieflacon;100;ml;Ceva Sante Animale  NV;100;;513280-01
geel;ZELERIS opl. inj. 250 ml;Injectieflacon;250;ml;Ceva Sante Animale  NV;250;;513297-01
oranje;PAROFOR 140 mg/ml opl. po 125 ml;Fles;125;ml;Huvepharma  NV;125;3641859;513840-01
oranje;PAROFOR 140 mg/ml opl. po 250 ml;Fles;250;ml;Huvepharma  NV;250;3641867;513840-02
oranje;PAROFOR 140 mg/ml opl. po 500 ml;Fles;500;ml;Huvepharma  NV;500;3641875;513840-03
oranje;PAROFOR 140 mg/ml opl. po 1000 ml;Fles;1000;ml;Huvepharma  NV;1000;3641883;513840-04
geel;FLODOEX 300 mg/ml opl. inj. 250 ml;;250;ml;Livisto Int'I, S.L. (ES);250;;519546-02
oranje;TYLOGRAN gran. oplosb. po 1 kg;Doos;1000;g;Dopharma Research BV;1000;;519662-03
geel;T.S. SOL 20/100 mg/ml opl. po 5 l;Jerrycan;5000;ml;Dopharma Research BV;5000;3697380;520773-01
oranje;BIMOXYL LA 150 mg/ml opl. inj. 250 ml;;250;ml;Laboratorios Maymó SA (ES);250;;521004-02
oranje;DOXYVETO-C  pdr oplosb. po 1 kg;Zak/pot;1000;g;VMD NV;1000;3789609;526595-02
oranje;EMDOGENT 100 mg/ml opl. inj. 100 ml;;100;ml;Emdoka  BVBA;100;;526640-01
geel;DIATRIM opl. inj. 100 ml;;100;ml;Eurovet Animal Health BV;100;3748837;526693-02
oranje;MOXAPULVIS 500 mg/g pdr oplosb. po 1 kg;;1000;g;VMD NV;1000;3896636;528524-02
oranje;GABBROVET 140 mg/ml opl. po 250 ml;;250;ml;Ceva Sante Animale NV;250;;530151-02
oranje;GABBROVET 140 mg/ml opl. po 500 ml;;500;ml;Ceva Sante Animale NV;500;3790631;530151-03
oranje;GABBROVET 140 mg/ml opl. po 1000 ml;;1000;ml;Ceva Sante Animale NV;1000;3790607;530151-04
geel;NIFENCOL 300 mg/ml opl. inj. 250 ml;;250;ml;Vetpharma Animal Health SL;250;4132411;530622-02
oranje;TILDOSIN 250 mg/ml opl. po 960 ml;;960;ml;Dopharma Research BV;960;3787082;530951-01
oranje;TILDOSIN 250 mg/ml opl. po 5040 ml;;5040;ml;Dopharma Research BV;5040;3787108;531040-01
geel;REVOZYN RTU opl. inj. 50 ml;;50;ml;Eurovet Animal Health BV;50;;531537-01
geel;TIALIN 250 mg/ml opl. po 5 l;;5000;ml;Dechra Regulatory BV;5000;;533333-01
geel;ARENTOR DC 250 mg opl. intramam. 20x 3 g;;   20 x 3 g;tube;Univet Ltd;20;;536426-01
oranje;APRAVET 552 IE/mg pdr oplosb. po 90,58 g;; 90,58;g;Huvepharma NV;90,58;;537475-01
oranje;APRAVET 552 IE/mg pdr oplosb. po 1811,6 g;; 1811,6;g;Huvepharma  NV;1811,6;;537484-01
rood;EFICUR 50 mg/ml opl. inj. 250 ml;;250;ml;Vaccifar BV;250;;537991-01
oranje;KEYTIL 300 mg/ml + 90 mg/ml opl. inj. 50 ml;;50;ml;Vetpharma Animal Health SL;50;;538862-01
oranje;TULOXXIN 100 mg/ml opl. inj. 100 ml;;100;ml;Krka, D.D. Novo Mesto (SI);100;;540097-02
geel;PENIYET VET 300 mg/ml opl inj. 100 ml;;100;ml;Laboratorios Syva SAU;100;3953833;541520-01
geel;PENIYET VET 300 mg/ml opl inj. 250 ml;;250;ml;Laboratorios Syva SAU;250;3953825;541520-02
oranje;QIVITAN LC 75 mg zalf intramam. 24x 8 g;;  24 x 8g;tube;Livisto Int'I, S.L. (ES);24;;543466-03
geel;AMPHEN 200 mg/g varkens gran. oplosb. po 1 kg;;1000;g;Huvepharma NV;1000;3356482;552897-02
oranje;TILMOVET 300 mg/ml opl. inj. 100 ml;;100;ml;Huvepharma NV;100;;553520-02
geel;PHENOXYPEN WSP pdr oplosb. po 5 kg;;5000;g;Dopharma Research BV;5000;;564933-03
oranje;TULAVEN 100 mg/ml opl. inj. 50 ml;;50;ml;Ceva Sante Animale NV (BE);50;;565671-01
oranje;TULAVEN 100 mg/ml opl. inj. 100 ml;;100;ml;Ceva Sante Animale NV (BE);100;;565680-01
oranje;TULAVEN 25 mg/ml opl. inj. 100 ml;;100;ml;Ceva Sante Animale NV (BE);100;;565724-01
oranje;TULISSIN 100 mg/ml opl. inj. 50 ml;;50;ml;Virbac SA (FR);50;;565742-01
oranje;TULISSIN 100 mg/ml opl. inj. 100 ml;;100;ml;Virbac SA (FR);100;;565751-01
oranje;TULISSIN 100 mg/ml opl. inj. 250 ml;;250;ml;Virbac SA (FR);250;;565777-01
oranje;TULISSIN 25 mg/ml opl. inj. 100 ml;;100;ml;Virbac SA (FR);100;;565822-01
oranje;DRAXXIN PLUS 100 mg/ml + 120 mg/ml opl. inj. 50 ml;;50;ml;Zoetis Belgium  SA;50;;567057-01
oranje;LYDAXX 100 mg/ml opl. inj. 50 ml;;50;ml;Vetoquinol SA (FR);50;4292439;570133-01
oranje;LYDAXX 100 mg/ml opl. inj. 100 ml;;100;ml;Vetoquinol SA (FR);100;;570177-01
oranje;TULLAVIS 25 mg/ml opl. inj. 100 ml;;100;ml;Livisto Int'I, S.L. (ES);100;;570693-01
oranje;TULLAVIS 100 mg/ml opl. inj. 20 ml;;20;ml;Livisto Int'I, S.L. (ES);20;;570711-01
oranje;TULLAVIS 100 mg/ml opl. inj. 50 ml;;50;ml;Livisto Int'I, S.L. (ES);50;;570711-02
oranje;TULLAVIS 100 mg/ml opl. inj. 100 ml;;100;ml;Livisto Int'I, S.L. (ES);100;;570711-03
oranje;MACROSYN 100 mg/ml opl. inj. 100 ml;;100;ml;Bimeda Animal Health Ltd (IE);100;;571146-02
oranje;CITRAMOX LA 150 mg/ml opl. inj. 100 ml;;100;ml;Laboratorios Karizoo SA (ES);100;;572151-01
oranje;CITRAMOX LA 150 mg/ml opl. inj. 250 ml;;250;ml;Laboratorios Karizoo SA (ES);250;;572151-02
oranje;TULINOVET 100 mg/ml opl. inj. 100 ml;;100;ml;V.M.D. NV;100;;575831-01
oranje;INCREXXA 100 mg/ml opl. inj. 100 ml;;100;ml;Elanco GmbH (DE);100;;576826-01
oranje;REXXOLIDE 100 mg/ml opl. inj. 50 ml;;50;ml;Dechra Regulatory BV (NL);50;;579964-01
oranje;REXXOLIDE 100 mg/ml opl. inj. 100 ml;;100;ml;Dechra Regulatory BV (NL);100;;579973-01
geel;FLORFENIS 300 mg/mg opl. inj. 100 ml;;100;ml;Laboratorios Syva SAU (ES);100;;582426-01
oranje;HUVAMOX 800 mg/g pdr oplosb. po 1 kg;;1000;g;Huvepharma NV;1000;;582871-03
